Year_Birth,Education,Marital_Status,Income,Kidhome,Teenhome,Recency,MntWines,MntFruits,MntMeatProducts,MntFishProducts,MntSweetProducts,NumStorePurchases,NumWebVisitsMonth
1957,Graduation,Single,58138.0,0,0,58,635,88,546,172,88,4,7
1954,Graduation,Single,46344.0,1,1,38,11,1,6,2,1,2,5
1965,Graduation,Together,71613.0,0,0,26,426,49,127,111,21,10,4
1984,Graduation,Together,26646.0,1,0,26,11,4,20,10,3,4,6
1981,PhD,Married,58293.0,1,0,94,173,43,118,46,27,6,5
1967,Master,Together,62513.0,0,1,16,520,42,98,0,42,10,6
1971,Graduation,Divorced,55635.0,0,1,34,235,65,164,50,49,7,6
1985,PhD,Married,33454.0,1,0,32,76,10,56,3,1,4,8
1974,PhD,Together,30351.0,1,0,19,14,0,24,3,3,2,9
1950,PhD,Together,5648.0,1,1,68,28,0,6,1,1,0,20
1983,Graduation,Married,,1,0,11,5,5,6,0,2,2,7
1976,Basic,Married,7500.0,0,0,59,6,16,11,11,1,3,8
1959,Graduation,Divorced,63033.0,0,0,82,194,61,480,225,112,8,2
1952,Master,Divorced,59354.0,1,1,53,233,2,53,3,5,5,6
1987,Graduation,Married,17323.0,0,0,38,3,14,17,6,1,3,8
1946,PhD,Single,82800.0,0,0,23,1006,22,115,59,68,12,3
1980,Graduation,Married,41850.0,1,1,51,53,5,19,2,13,3,8
1946,Graduation,Together,37760.0,0,0,20,84,5,38,150,12,6,7
1949,Master,Married,76995.0,0,1,91,1012,80,498,0,16,9,5
1985,2n Cycle,Single,33812.0,1,0,86,4,17,19,30,24,3,6
1982,Graduation,Married,37040.0,0,0,41,86,2,73,69,38,5,8
1979,Graduation,Married,2447.0,1,0,42,1,1,1725,1,1,0,1
1949,PhD,Married,58607.0,0,1,63,867,0,86,0,0,9,8
1954,PhD,Married,65324.0,0,1,0,384,0,102,21,32,9,4
1951,Graduation,Together,40689.0,0,1,69,270,3,27,39,6,5,8
1969,Graduation,Single,18589.0,0,0,89,6,4,25,15,12,3,7
1976,Graduation,Married,53359.0,1,1,4,173,4,30,3,6,4,7
1986,Graduation,Single,,1,0,19,5,1,3,3,263,0,1
1989,Graduation,Married,38360.0,1,0,26,36,2,42,20,21,4,3
1965,PhD,Married,84618.0,0,0,96,684,100,801,21,66,10,2
1989,Master,Divorced,10979.0,0,0,34,8,4,10,2,2,3,5
1963,Master,Together,38620.0,0,0,56,112,17,44,34,22,3,3
1970,Graduation,Together,40548.0,0,1,31,110,0,5,2,0,4,5
1952,PhD,Divorced,46610.0,0,2,8,96,12,96,33,22,6,6
1946,Master,Married,68657.0,0,0,4,482,34,471,119,68,9,7
1951,Master,Single,49389.0,1,1,55,40,0,19,2,1,3,7
1970,PhD,Married,67353.0,0,1,37,702,17,151,0,8,12,2
1976,2n Cycle,Married,23718.0,1,0,76,6,3,14,15,7,2,7
1973,Graduation,Widow,42429.0,0,1,99,55,0,6,2,0,3,5
1943,PhD,Divorced,48948.0,0,0,53,437,8,206,160,49,5,6
1980,Graduation,Married,80011.0,0,1,3,421,76,536,82,178,5,4
1985,Master,Married,20559.0,1,0,88,13,1,29,3,0,3,8
1957,Graduation,Together,21994.0,0,1,4,9,0,6,3,1,3,5
1959,PhD,Single,,0,0,80,81,11,50,3,2,4,2
1975,Master,Married,7500.0,1,0,19,3,1,10,3,2,3,5
1976,Graduation,Single,79941.0,0,0,72,123,164,266,227,30,9,1
1996,2n Cycle,Married,7500.0,0,0,24,3,18,14,15,22,3,9
1968,Graduation,Together,41728.0,1,0,92,13,6,15,3,5,2,10
1951,Graduation,Single,,2,1,96,48,5,48,6,10,4,6
1954,PhD,Married,72550.0,1,1,39,826,50,317,50,38,12,8
1957,Graduation,Widow,65486.0,0,1,29,245,19,125,37,67,10,2
1964,Master,Married,79143.0,0,0,2,650,37,780,27,167,13,3
1977,Graduation,Single,35790.0,1,0,54,12,6,20,30,1,3,7
1977,Graduation,Divorced,82582.0,0,0,54,510,120,550,156,40,7,1
1978,Graduation,Married,66373.0,1,1,57,328,9,124,12,24,10,3
1955,Master,Together,82384.0,0,0,55,984,51,432,180,120,13,1
1966,Graduation,Divorced,70287.0,0,0,30,295,35,482,121,120,10,3
1988,Graduation,Single,27938.0,1,0,31,13,0,8,2,1,4,3
1982,Graduation,Single,,1,0,57,11,3,22,2,2,3,6
1968,PhD,Married,55954.0,0,1,63,447,0,28,0,0,6,7
1982,Master,Single,75777.0,0,0,12,712,26,538,69,13,11,1
1975,Graduation,Together,66653.0,1,1,18,452,18,102,16,18,12,3
1952,Graduation,Single,61823.0,0,1,26,523,7,134,37,14,10,7
1951,PhD,Widow,67680.0,0,1,8,546,0,48,0,6,8,5
1948,Graduation,Together,70666.0,0,0,29,398,40,367,119,122,4,4
1971,Graduation,Married,25721.0,1,0,75,1,3,6,3,6,2,7
1967,Graduation,Together,32474.0,1,1,0,10,0,1,0,0,2,7
1979,2n Cycle,Single,88194.0,0,1,19,688,14,309,201,24,10,5
1958,Graduation,Together,69096.0,0,1,4,247,49,159,7,82,10,4
1970,Graduation,Together,74854.0,1,2,90,856,59,487,58,29,5,5
1954,Master,Married,66991.0,0,0,1,496,36,460,189,60,6,3
1973,2n Cycle,Married,,1,0,25,25,3,43,17,4,3,8
1959,Graduation,Married,65031.0,0,1,29,258,107,291,84,37,13,7
1975,PhD,Married,60631.0,1,1,88,565,6,65,0,6,8,7
1952,Graduation,Married,28332.0,0,0,58,14,10,13,4,15,4,2
1977,Graduation,Divorced,40246.0,1,0,68,2,1,6,2,1,2,6
1972,Master,Married,75251.0,0,0,34,721,111,925,97,18,5,5
1976,Graduation,Single,75825.0,0,0,40,1032,105,779,137,105,9,4
1976,2n Cycle,Together,26326.0,0,0,12,1,0,5,0,3,3,3
1965,Graduation,Together,56046.0,0,0,9,577,0,64,0,0,8,8
1985,Graduation,Single,29760.0,1,0,87,64,4,68,7,5,4,8
1969,Graduation,Married,26304.0,1,0,5,4,1,5,2,0,2,7
1973,2n Cycle,Married,23559.0,1,0,87,25,5,19,7,0,3,7
1963,Master,Together,38620.0,0,0,56,112,17,44,34,22,3,3
1987,Graduation,Divorced,81361.0,0,0,18,163,23,424,27,65,13,1
1960,Graduation,Married,29440.0,1,1,95,17,8,14,10,4,4,7
1970,Master,Married,36138.0,1,1,48,130,0,16,0,0,4,7
1957,Graduation,Single,50388.0,0,1,3,292,6,37,0,3,6,7
1973,Graduation,Married,79593.0,0,0,70,350,60,568,110,133,7,2
1967,Graduation,Together,54178.0,0,1,79,135,9,39,4,0,5,2
1957,PhD,Married,,2,1,4,230,42,192,49,37,8,9
1957,Graduation,Single,,1,1,45,7,0,8,2,0,2,7
1973,Master,Together,,0,0,87,445,37,359,98,28,8,1
1972,Master,Single,42394.0,1,0,69,15,2,10,0,1,3,7
1970,PhD,Married,23626.0,1,0,84,27,2,14,0,0,3,5
1983,Graduation,Married,30096.0,1,0,30,5,3,11,12,5,3,6
1960,Graduation,Widow,47916.0,0,1,72,505,0,26,0,0,6,6
1972,Graduation,Divorced,51813.0,1,1,37,51,2,7,0,1,3,7
1951,2n Cycle,Married,78497.0,0,0,44,207,26,447,75,0,12,2
1983,PhD,Married,50150.0,0,0,32,135,46,92,65,61,7,5
1960,2n Cycle,Single,47823.0,0,1,0,53,1,5,2,1,3,8
1959,PhD,Single,34554.0,0,1,43,41,1,6,2,0,3,6
1979,Graduation,Together,85693.0,0,1,59,386,172,183,185,132,11,5
1945,PhD,Married,65846.0,0,0,68,562,81,276,80,40,6,4
1959,Graduation,Married,87195.0,0,0,35,217,76,690,50,26,5,1
1979,Basic,Together,24594.0,1,0,94,1,3,6,10,0,3,5
1964,Graduation,Married,49096.0,1,1,15,144,1,32,2,1,4,7
1969,Graduation,Married,52413.0,0,2,56,295,106,271,75,98,12,6
1978,Graduation,Single,38557.0,1,0,17,76,3,31,4,4,3,7
1960,Master,Married,89058.0,0,0,18,454,194,106,31,22,4,2
1979,Graduation,Together,77298.0,0,1,46,425,115,292,23,35,11,3
1991,PhD,Single,68126.0,0,0,40,1332,17,311,23,51,5,9
1963,Master,Together,57288.0,0,1,27,527,0,21,0,0,8,6
1991,Graduation,Single,86037.0,0,0,95,490,44,125,29,20,11,3
1980,PhD,Married,43974.0,1,0,19,378,0,101,0,0,6,7
1962,Graduation,Single,50785.0,1,1,27,64,1,21,0,1,3,6
1970,Graduation,Married,90765.0,0,0,25,547,99,812,151,82,5,1
1978,2n Cycle,Married,36550.0,1,0,74,47,90,94,123,103,5,9
1967,2n Cycle,Together,30753.0,1,1,85,12,5,25,0,9,3,5
1969,Graduation,Together,21918.0,1,0,37,1,6,7,11,5,3,6
1953,Master,Together,56129.0,0,1,65,320,48,133,39,72,10,4
1967,Master,Single,32557.0,1,0,13,34,3,29,0,4,3,5
1985,Master,Married,19510.0,2,0,63,9,0,7,3,4,3,7
1976,Graduation,Divorced,30992.0,1,0,83,17,0,14,7,3,3,7
1983,Graduation,Single,101970.0,0,0,69,722,27,102,44,72,13,2
1965,2n Cycle,Together,71488.0,0,0,87,162,33,124,40,28,7,1
1984,Graduation,Single,79607.0,0,0,37,450,133,951,173,0,6,1
1953,Master,Married,54348.0,1,1,51,70,0,16,0,0,4,6
1961,PhD,Married,,0,1,23,352,0,27,10,0,7,6
1956,PhD,Together,77376.0,1,1,72,492,19,110,16,12,10,4
1952,Graduation,Married,62998.0,0,1,10,120,58,73,65,89,5,5
1969,Graduation,Married,73448.0,0,0,10,236,106,189,23,41,9,4
1963,Graduation,Married,,0,1,96,231,65,196,38,71,7,4
1964,PhD,Married,41551.0,1,1,51,220,0,33,3,0,5,8
1967,PhD,Together,62981.0,0,0,21,796,14,590,38,44,13,3
1976,Basic,Divorced,9548.0,1,0,31,0,1,3,10,6,3,8
1959,PhD,Married,33762.0,2,1,61,53,1,34,2,0,2,8
1965,PhD,Divorced,36921.0,1,1,74,17,1,12,3,1,3,7
1992,Master,Single,92859.0,0,0,46,962,61,921,52,61,12,2
1976,Master,Together,65104.0,0,1,4,738,0,232,13,20,7,7
1962,Graduation,Married,86111.0,0,0,73,399,28,756,36,40,10,2
1974,PhD,Single,68352.0,0,1,47,614,16,132,43,33,9,6
1988,Graduation,Together,41883.0,1,0,13,32,34,41,73,16,3,7
1976,Graduation,Married,59809.0,0,2,36,598,16,141,32,41,6,8
1975,Graduation,Married,23957.0,1,0,47,2,1,18,20,11,3,6
1981,Graduation,Together,38547.0,1,0,49,6,1,10,0,1,2,8
1973,2n Cycle,Married,35688.0,2,1,94,73,3,90,12,1,4,8
1966,Master,Married,49605.0,0,0,65,42,16,29,12,20,4,3
1953,Master,Married,59354.0,0,2,59,295,21,78,39,13,7,3
1969,Graduation,Married,65747.0,0,1,96,346,17,48,23,13,6,6
1972,2n Cycle,Together,46344.0,0,1,28,233,20,57,8,20,5,7
1952,PhD,Together,61010.0,0,1,57,888,0,57,0,0,11,5
1949,Graduation,Together,69372.0,0,0,10,997,26,269,34,13,6,4
1958,Graduation,Single,49967.0,0,1,4,212,6,69,4,12,5,7
1978,Graduation,Single,60199.0,1,2,49,8,1,7,2,0,3,4
1977,Graduation,Together,55375.0,0,1,3,42,11,57,10,28,6,2
1955,Graduation,Single,80317.0,0,0,64,536,11,387,149,91,10,1
1958,Master,Single,30523.0,2,1,0,5,0,3,0,0,2,7
1945,PhD,Married,70356.0,0,0,20,1349,16,249,43,16,9,6
1984,Graduation,Married,23228.0,1,0,91,53,3,49,7,4,4,8
1975,PhD,Divorced,74165.0,0,0,9,1001,12,240,16,12,10,2
1973,PhD,Married,157243.0,0,1,98,20,2,1582,1,2,0,0
1966,Graduation,Together,43482.0,2,1,83,18,1,32,6,3,4,6
1953,Graduation,Divorced,62551.0,0,0,27,125,16,98,134,21,4,3
1959,Graduation,Divorced,52332.0,0,0,63,212,5,33,7,0,6,4
1988,Graduation,Single,66951.0,0,0,46,277,162,305,173,76,7,1
1957,Graduation,Together,26091.0,1,1,84,15,10,19,8,17,3,5
1965,Graduation,Together,33456.0,1,1,58,7,3,10,8,1,3,7
1982,Graduation,Married,28718.0,1,0,78,12,4,6,11,8,3,8
1970,Graduation,Married,50447.0,2,0,4,85,7,24,2,3,3,6
1959,PhD,Together,53537.0,1,1,17,81,0,6,0,0,3,5
1967,Graduation,Single,52074.0,0,1,77,59,0,12,0,0,2,4
1975,PhD,Married,80427.0,0,1,56,1149,71,449,69,71,8,5
1948,PhD,Married,83837.0,0,0,79,847,66,119,86,89,5,4
1970,PhD,Married,38853.0,1,1,90,29,0,14,0,0,3,7
1959,Graduation,Together,38285.0,2,1,96,2,0,5,2,0,3,2
1951,2n Cycle,Married,78497.0,0,0,44,207,26,447,75,0,12,2
1976,PhD,Married,51650.0,0,1,81,152,3,22,2,5,4,5
1988,2n Cycle,Married,16248.0,1,0,77,12,11,10,3,12,3,6
1946,Master,Married,66835.0,0,0,21,620,26,195,34,17,13,2
1984,Master,Married,30477.0,1,0,16,47,1,6,0,0,3,6
1961,Basic,Married,28249.0,0,0,80,1,9,7,2,14,3,6
1983,Graduation,Married,25271.0,1,0,45,10,1,18,10,4,2,9
1970,PhD,Single,32303.0,0,1,63,35,0,2,0,0,4,5
1966,Graduation,Married,61286.0,0,1,34,356,0,107,19,9,8,5
1976,Graduation,Married,74068.0,0,0,14,783,30,537,140,76,9,2
1964,PhD,Married,45759.0,1,1,13,42,1,18,3,0,3,7
1978,Basic,Together,24882.0,1,0,52,1,4,10,29,0,2,6
1989,PhD,Together,66973.0,0,0,98,466,22,432,147,113,12,3
1900,2n Cycle,Divorced,36640.0,1,0,99,15,6,8,7,4,2,5
1988,Graduation,Married,38872.0,1,0,93,23,3,21,3,19,3,8
1973,Graduation,Married,51148.0,1,1,38,235,6,45,8,9,6,6
1977,Graduation,Married,31353.0,1,1,24,10,0,10,3,1,2,8
1980,Master,Married,69661.0,0,0,80,656,16,106,32,16,12,3
1954,Graduation,Married,80067.0,0,0,82,519,17,813,27,173,6,2
1954,Graduation,Married,86718.0,0,0,20,344,189,482,50,33,5,2
1973,PhD,Single,46854.0,1,1,81,96,1,79,7,1,3,8
1952,Graduation,Divorced,69142.0,0,1,50,448,4,34,6,4,7,5
1968,Graduation,Single,75922.0,0,0,60,265,138,553,224,23,9,1
1978,Graduation,Divorced,63693.0,0,1,63,587,43,337,42,87,9,6
1977,PhD,Together,102160.0,0,0,54,763,29,138,76,176,10,4
1965,PhD,Single,40637.0,1,1,72,22,0,13,0,0,3,7
1984,Master,Single,18890.0,0,0,5,6,4,1,7,2,2,6
1988,Graduation,Together,29604.0,1,0,88,7,6,13,7,6,3,9
1963,Master,Divorced,48721.0,1,1,50,81,18,113,47,13,5,6
1966,Graduation,Married,44794.0,0,1,99,54,0,7,0,0,3,6
1954,Graduation,Divorced,64497.0,0,1,17,1170,48,320,42,32,9,8
1956,Graduation,Together,46097.0,0,1,11,72,24,68,65,4,6,4
1954,Graduation,Together,77972.0,0,0,18,613,22,319,33,102,9,1
1968,PhD,Married,44377.0,1,1,70,224,0,30,0,0,5,8
1974,Master,Together,46014.0,1,1,21,410,0,59,19,9,8,7
1985,Graduation,Married,70951.0,0,0,66,239,10,554,254,87,9,1
1977,Graduation,Married,41443.0,1,0,79,171,7,171,25,19,5,8
1978,2n Cycle,Single,52195.0,2,1,2,12,0,4,0,0,2,8
1948,Master,Married,83790.0,0,0,81,1076,16,417,42,48,6,3
1954,Master,Widow,44551.0,0,1,24,182,4,33,0,0,5,7
1980,Graduation,Together,69508.0,1,0,48,824,32,162,42,32,11,6
1988,2n Cycle,Together,45204.0,1,0,93,30,11,25,29,1,4,3
1969,Graduation,Married,72460.0,0,0,56,377,10,540,80,30,7,1
1970,PhD,Together,77622.0,0,2,3,520,7,154,19,0,11,3
1980,PhD,Married,30732.0,1,0,44,155,1,25,0,1,4,8
1962,Graduation,Divorced,63887.0,0,1,38,897,23,207,15,11,12,6
1978,Graduation,Together,42011.0,1,0,46,131,0,16,2,1,4,8
1976,Graduation,Together,51369.0,0,1,84,297,7,79,0,11,4,8
1952,Graduation,Divorced,51537.0,0,1,27,787,20,204,0,0,11,8
1972,PhD,Married,79930.0,0,0,72,792,86,740,67,51,8,2
1986,PhD,Together,34320.0,1,0,66,4,1,9,3,0,2,8
1966,Graduation,Single,37070.0,1,1,30,231,7,137,4,15,8,7
1962,2n Cycle,Divorced,81975.0,0,1,2,983,76,184,180,138,4,7
1971,Graduation,Together,38590.0,1,0,65,3,1,8,4,3,2,8
1951,Graduation,Single,15033.0,0,0,37,0,4,5,6,0,3,3
1965,PhD,Married,62745.0,0,1,89,562,21,464,28,10,11,5
1975,2n Cycle,Married,22212.0,1,0,49,5,9,20,6,8,4,6
1982,Master,Together,23661.0,1,0,46,18,0,4,0,0,3,7
1958,PhD,Single,79761.0,0,1,32,415,5,124,15,35,11,3
1973,Graduation,Single,7500.0,1,0,54,5,3,10,12,7,3,7
1893,2n Cycle,Single,60182.0,0,1,23,8,0,5,7,0,2,4
1968,Graduation,Widow,73455.0,0,0,98,901,61,757,186,163,10,3
1958,Graduation,Together,64961.0,0,1,97,382,114,276,75,124,4,3
1971,Graduation,Single,22804.0,1,0,75,14,1,7,2,1,2,9
1990,Graduation,Married,73687.0,0,0,8,559,153,503,218,13,9,2
1958,Graduation,Married,61074.0,0,1,37,789,0,133,0,28,8,7
1964,PhD,Married,31686.0,1,1,31,11,0,5,0,0,3,6
1972,Graduation,Married,80134.0,1,0,40,1218,16,272,104,0,6,6
1953,Graduation,Married,75027.0,0,1,74,925,64,179,133,12,6,5
1988,PhD,Married,67546.0,0,0,90,864,134,768,150,38,5,3
1969,Master,Together,65176.0,0,1,57,960,28,183,220,70,6,6
1975,Master,Single,31160.0,1,0,59,16,3,25,6,1,3,8
1985,Graduation,Single,29938.0,1,0,52,3,3,7,0,2,3,6
1974,Graduation,Divorced,102692.0,0,0,5,168,148,444,32,172,13,2
1958,2n Cycle,Together,26490.0,0,0,92,45,47,52,21,20,5,6
1967,Graduation,Together,75702.0,1,1,77,650,28,353,45,42,11,8
1974,PhD,Single,30899.0,1,0,35,24,0,8,0,0,3,6
1961,PhD,Together,63342.0,0,1,48,918,21,118,13,10,5,6
1964,Graduation,Single,45989.0,0,1,97,138,33,87,28,24,7,3
1964,Graduation,Single,18701.0,1,1,95,12,4,2,10,6,4,5
1957,PhD,Single,40737.0,2,1,24,11,0,4,0,0,2,8
1979,Graduation,Divorced,15287.0,1,0,60,1,2,8,4,3,2,7
1968,PhD,Divorced,69674.0,0,2,46,554,41,215,11,0,10,5
1970,Master,Married,44159.0,1,0,85,167,2,62,24,13,6,5
1978,PhD,Married,37717.0,1,0,31,9,0,6,4,1,2,9
1952,Master,Together,43776.0,1,1,9,177,2,71,3,2,4,8
1966,Master,Married,38179.0,1,1,30,38,4,22,4,2,3,7
1963,Graduation,Married,80124.0,0,0,47,483,84,398,205,84,8,1
1970,PhD,Married,38097.0,1,1,70,77,2,35,0,1,2,7
1970,Graduation,Married,72940.0,0,0,13,182,74,298,162,149,6,1
1970,Graduation,Together,22070.0,1,0,11,10,7,19,8,2,2,6
1953,Graduation,Single,69267.0,0,0,31,778,44,499,95,73,5,7
1983,Master,Single,31788.0,1,0,15,16,7,23,0,8,4,5
1975,PhD,Together,61905.0,0,1,2,167,0,43,6,2,4,5
1960,Graduation,Married,29315.0,1,1,55,13,2,14,8,7,4,6
1963,Graduation,Divorced,33378.0,1,1,38,33,6,40,3,7,4,7
1963,PhD,Together,66313.0,0,1,86,625,7,99,10,22,12,4
1956,Graduation,Single,60714.0,0,0,56,216,162,224,101,92,10,5
1981,Master,Together,77882.0,0,0,29,68,129,396,188,22,5,1
1986,PhD,Single,69867.0,0,0,30,196,0,512,33,130,8,1
1968,Master,Divorced,63841.0,0,1,64,635,15,100,20,7,9,6
1981,Basic,Married,24480.0,1,0,46,4,19,9,28,25,4,7
1976,Graduation,Together,51369.0,0,1,84,297,7,79,0,11,4,8
1946,Graduation,Together,37760.0,0,0,20,84,5,38,150,12,6,7
1974,PhD,Together,65640.0,0,1,74,204,7,149,20,15,8,2
1975,Master,Married,44319.0,1,1,18,26,0,8,0,0,3,5
1974,Graduation,Married,30631.0,1,0,75,15,6,20,4,5,2,7
1952,Graduation,Together,75278.0,0,0,17,304,98,230,150,74,13,3
1956,Master,Together,50898.0,1,1,88,285,28,242,55,114,12,5
1966,Graduation,Widow,79946.0,0,0,19,395,183,565,166,141,5,3
1949,Master,Divorced,35416.0,0,0,62,248,3,81,4,3,5,8
1984,2n Cycle,Together,32414.0,0,0,11,20,6,5,0,9,3,7
1969,Graduation,Together,38361.0,1,0,74,39,0,56,20,8,3,7
1980,Graduation,Married,82497.0,0,0,32,777,129,573,216,21,9,4
1971,Graduation,Together,16626.0,2,0,76,8,3,22,21,1,3,9
1965,Graduation,Together,29672.0,1,1,6,9,1,3,0,4,3,6
1952,Master,Together,55951.0,0,1,62,1241,0,80,0,13,11,8
1988,2n Cycle,Divorced,35388.0,1,0,20,6,4,7,4,3,3,7
1986,Master,Together,42386.0,1,0,43,65,4,16,0,4,3,8
1982,Graduation,Single,68627.0,0,0,45,395,15,263,60,54,6,1
1965,PhD,Divorced,57912.0,0,1,34,801,0,80,0,0,12,5
1958,Graduation,Divorced,35246.0,1,1,53,36,0,12,2,2,3,5
1956,2n Cycle,Together,58821.0,0,1,44,513,14,154,19,0,9,6
1978,PhD,Married,46377.0,1,0,89,37,0,46,4,3,3,4
1988,Graduation,Single,39747.0,1,0,43,80,15,93,20,13,4,8
1984,Graduation,Together,23976.0,1,0,68,14,1,21,2,3,3,7
1961,Master,Married,80950.0,0,0,44,525,147,112,219,147,9,2
1966,Graduation,Widow,27038.0,0,0,64,1,26,25,17,23,3,9
1947,Graduation,Single,77457.0,0,0,85,675,11,400,15,45,10,1
1964,Master,Married,64100.0,0,1,93,509,0,27,0,0,6,7
1992,Master,Together,42670.0,0,0,12,154,2,46,20,4,4,4
1976,Graduation,Divorced,12571.0,1,0,86,3,5,14,2,12,3,6
1967,Graduation,Married,22574.0,2,1,28,25,0,8,2,0,3,7
1989,Graduation,Married,,0,0,69,861,138,461,60,30,12,3
1976,Master,Single,70893.0,0,0,42,768,44,561,77,44,10,3
1966,Graduation,Married,54198.0,1,1,13,185,0,28,3,2,6,4
1956,Master,Together,28839.0,1,1,86,24,0,7,0,0,3,5
1972,Graduation,Married,40321.0,1,1,59,44,4,21,6,0,3,7
1985,Graduation,Single,66503.0,1,0,30,91,64,128,65,3,6,3
1951,Graduation,Married,30833.0,1,1,33,11,0,7,3,1,3,5
1970,Graduation,Single,,1,2,67,738,20,172,52,50,10,7
1971,Graduation,Married,64795.0,0,1,23,412,5,119,38,29,12,2
1974,Graduation,Married,34421.0,1,0,81,3,3,7,6,2,2,7
1965,PhD,Divorced,47025.0,1,1,6,16,0,3,0,0,2,7
1961,PhD,Divorced,64325.0,0,1,41,731,60,353,78,12,5,7
1953,Graduation,Single,40464.0,0,1,78,424,17,118,7,23,8,8
1957,Graduation,Married,62187.0,0,0,49,792,0,275,45,45,5,3
1976,PhD,Divorced,14849.0,1,0,39,21,2,28,3,2,4,8
1984,Graduation,Married,27255.0,1,0,3,22,1,11,0,1,3,7
1950,PhD,Married,54432.0,2,1,37,33,0,5,0,0,3,4
1986,PhD,Single,29999.0,1,0,22,68,7,59,10,5,4,8
1983,Graduation,Single,24072.0,1,0,79,9,1,6,3,0,2,8
1989,PhD,Single,33996.0,0,0,46,40,2,15,8,0,3,4
1956,PhD,Married,66334.0,0,1,82,909,11,218,0,0,5,5
1971,Master,Married,35178.0,1,0,10,23,1,13,2,2,2,7
1983,Graduation,Together,22010.0,1,0,51,11,2,9,3,0,3,8
1960,Graduation,Divorced,62204.0,0,2,38,317,46,247,151,46,12,3
1968,Graduation,Divorced,75693.0,0,0,10,797,153,293,72,97,6,4
1972,Graduation,Married,30675.0,1,0,14,10,2,16,11,2,3,8
1965,Graduation,Together,83003.0,0,0,18,856,61,570,40,25,8,3
1899,PhD,Together,83532.0,0,0,36,755,144,562,104,64,4,1
1988,Graduation,Single,68655.0,0,0,95,456,19,832,75,118,11,3
1986,Graduation,Divorced,41411.0,0,0,11,37,32,38,11,3,4,6
1969,PhD,Married,55212.0,0,1,65,1103,0,45,0,0,11,8
1950,PhD,Together,59292.0,0,1,71,378,14,68,19,14,8,3
1973,Basic,Together,27190.0,1,0,13,1,6,7,0,1,2,8
1952,Graduation,Divorced,82623.0,0,0,58,204,34,204,172,153,4,1
1965,Graduation,Married,44300.0,1,1,65,30,0,9,0,0,3,6
1970,Graduation,Divorced,84835.0,0,0,0,189,104,379,111,189,6,1
1971,Graduation,Widow,30372.0,1,1,33,15,0,12,7,3,3,7
1976,Master,Married,33181.0,1,0,90,9,0,3,0,0,2,6
1957,Graduation,Married,71113.0,0,1,95,495,33,255,11,33,9,4
1986,Graduation,Married,71952.0,1,0,93,656,80,455,52,107,8,4
1966,PhD,Single,69759.0,0,0,38,452,20,514,13,30,5,3
1974,Graduation,Married,72099.0,0,0,18,546,91,410,119,0,10,1
1976,PhD,Single,60000.0,0,1,57,1048,0,217,0,0,5,6
1978,Graduation,Single,38643.0,1,1,45,22,2,14,0,1,3,7
1955,Graduation,Married,50737.0,0,1,61,78,0,11,0,0,4,6
1969,PhD,Married,68462.0,0,0,6,561,64,785,84,128,8,1
1943,Master,Married,65073.0,0,0,65,629,17,177,69,0,5,2
1948,PhD,Together,46681.0,0,2,52,269,15,69,15,19,4,5
1957,Graduation,Married,78618.0,0,0,87,736,163,818,212,163,10,2
1969,PhD,Widow,62187.0,0,1,38,512,0,83,0,0,10,4
1978,Graduation,Married,28442.0,2,0,53,19,3,10,11,8,4,4
1978,PhD,Married,37717.0,1,0,31,9,0,6,4,1,2,9
1967,Graduation,Married,51479.0,1,1,67,247,8,160,6,8,6,7
1969,Graduation,Single,54803.0,0,1,65,404,0,92,28,27,9,4
1960,Graduation,Married,79530.0,0,0,64,333,0,815,129,42,11,2
1976,Graduation,Divorced,31615.0,1,0,82,2,3,20,6,11,3,7
1962,Graduation,Together,72025.0,0,0,27,833,33,549,151,133,8,3
1975,PhD,Single,52614.0,0,1,63,789,0,142,12,9,8,8
1984,2n Cycle,Married,35684.0,1,0,66,10,4,7,0,6,3,6
1975,Graduation,Married,48178.0,1,1,69,159,4,45,6,2,4,8
1970,Master,Single,29548.0,1,0,52,7,1,6,3,1,2,4
1966,Graduation,Single,63810.0,0,1,45,977,12,253,16,12,12,8
1972,PhD,Single,38578.0,1,1,2,38,4,22,3,3,3,8
1975,Master,Single,46098.0,1,1,86,57,0,27,0,0,2,8
1970,Graduation,Single,22585.0,0,0,23,3,9,15,13,2,2,9
1989,Graduation,Single,30279.0,1,0,13,10,4,14,4,4,3,8
1961,PhD,Together,66426.0,0,1,14,1043,24,97,32,24,10,6
1969,Graduation,Single,30822.0,1,0,92,3,9,13,2,12,3,7
1969,PhD,Married,33581.0,2,0,38,11,0,5,0,0,2,8
1985,Graduation,Married,19986.0,1,0,74,3,6,5,0,2,3,7
1954,Graduation,Widow,27421.0,0,0,14,43,12,96,78,40,6,7
1973,2n Cycle,Married,35688.0,2,1,94,73,3,90,12,1,4,8
1981,Master,Single,36143.0,1,0,33,12,0,1,0,0,2,3
1971,Graduation,Single,10245.0,1,0,32,4,7,7,6,4,2,5
1968,Master,Together,43795.0,0,1,11,314,11,53,4,3,4,7
1960,Graduation,Together,63381.0,0,1,78,571,50,142,33,50,13,2
1949,Graduation,Together,38823.0,0,1,56,70,0,11,2,8,3,6
1968,PhD,Divorced,83664.0,1,1,57,866,21,151,28,21,12,5
1979,Graduation,Together,90300.0,0,0,7,594,134,786,33,134,8,1
1979,Master,Together,62499.0,1,0,0,140,4,61,0,13,6,4
1993,Graduation,Single,74293.0,0,0,66,375,152,335,93,91,6,2
1946,PhD,Married,51012.0,0,0,86,102,9,63,2,9,4,6
1968,Master,Married,70777.0,0,1,80,554,35,113,0,7,12,3
1991,PhD,Together,68682.0,0,0,56,919,0,505,99,30,10,2
1971,Graduation,Married,43824.0,1,1,18,96,1,42,12,3,4,8
1984,Graduation,Together,15345.0,1,0,51,5,2,16,3,2,2,8
1987,Graduation,Single,23442.0,1,0,71,2,0,6,8,6,3,7
1980,2n Cycle,Together,14515.0,1,0,71,6,4,9,6,36,3,7
1956,2n Cycle,Divorced,31395.0,1,1,80,23,1,25,0,8,3,6
1965,Graduation,Together,75276.0,0,0,2,610,105,125,137,42,9,5
1974,Graduation,Single,42373.0,1,1,83,67,5,61,3,8,5,5
1960,Graduation,Together,30507.0,0,0,29,65,36,74,38,20,4,7
1955,PhD,Single,55521.0,1,2,11,416,0,26,0,0,6,7
1965,Graduation,Married,48006.0,1,1,55,23,0,11,3,2,3,6
1972,PhD,Single,27213.0,1,0,19,19,3,26,10,9,4,8
1971,PhD,Divorced,65808.0,1,1,1,155,7,80,13,7,5,6
1974,PhD,Together,30351.0,1,0,19,14,0,24,3,3,2,9
1963,Graduation,Married,50437.0,0,2,28,370,9,92,6,9,8,7
1982,2n Cycle,Single,23616.0,1,0,76,4,22,11,3,7,3,8
1976,Graduation,Married,53858.0,0,1,50,407,53,221,58,150,6,4
1955,PhD,Married,66465.0,0,1,1,1200,0,204,38,29,12,6
1987,Graduation,Single,46923.0,1,0,90,85,44,54,102,78,7,7
1962,Graduation,Together,75072.0,0,1,83,583,34,309,0,22,8,3
1943,PhD,Married,75865.0,0,0,73,483,0,591,156,0,10,1
1975,2n Cycle,Together,19789.0,1,0,24,2,5,9,28,6,3,5
1994,Graduation,Together,80134.0,0,0,11,966,26,282,52,26,11,5
1981,Graduation,Single,91065.0,0,0,33,822,114,108,179,137,9,3
1971,Master,Married,49505.0,1,1,4,604,0,100,19,0,8,8
1973,PhD,Married,37401.0,1,0,14,19,3,19,3,1,3,7
1983,Graduation,Married,30096.0,1,0,30,5,3,11,12,5,3,6
1982,Master,Together,18492.0,1,0,75,2,2,2,2,1,2,8
1974,Master,Married,82584.0,0,0,26,1076,68,103,29,91,8,1
1941,PhD,Married,93027.0,0,0,77,1285,42,716,55,0,5,2
1953,Graduation,Married,48686.0,1,2,8,10,0,7,2,0,2,8
1986,Graduation,Married,92910.0,0,0,42,551,137,792,179,103,13,1
1989,Graduation,Married,75433.0,1,0,28,800,0,297,0,34,10,6
1989,2n Cycle,Together,10404.0,1,0,52,2,2,11,10,6,4,5
1968,Graduation,Married,61314.0,0,1,1,378,0,189,97,172,12,3
1961,PhD,Single,84865.0,0,0,1,1248,16,349,43,16,9,4
1989,Graduation,Married,42387.0,1,0,42,235,0,235,19,4,7,8
1967,2n Cycle,Together,67309.0,1,1,76,515,47,181,149,95,9,7
1964,Graduation,Married,75236.0,0,1,27,438,66,400,12,38,13,4
1970,Graduation,Single,30015.0,1,0,28,25,0,22,2,3,4,5
1956,Master,Together,50943.0,0,1,49,31,0,7,2,0,3,5
1966,Graduation,Divorced,67272.0,0,1,12,357,35,271,28,28,12,5
1949,Master,Widow,51529.0,0,1,14,400,4,35,6,0,5,8
1971,PhD,Married,32011.0,1,0,89,99,0,15,2,1,4,7
1986,2n Cycle,Married,7500.0,1,0,96,1,11,5,4,6,3,8
1989,Graduation,Married,28691.0,1,0,56,5,4,13,8,0,3,8
1948,PhD,Married,56223.0,0,1,72,77,28,31,16,0,5,4
1946,Graduation,Married,18100.0,0,0,14,3,1,2,4,3,3,5
1989,Graduation,Single,30279.0,1,0,13,10,4,14,4,4,3,8
1974,2n Cycle,Married,20130.0,0,0,99,0,6,3,7,6,3,8
1959,Graduation,Divorced,23295.0,0,0,72,0,0,1,2,12,2,8
1972,Master,Divorced,42618.0,1,0,92,76,14,74,13,5,4,8
1964,Graduation,Single,81246.0,0,0,87,398,190,537,61,156,7,1
1976,Graduation,Married,24027.0,1,0,7,14,7,11,11,0,3,8
1953,PhD,Married,55707.0,0,1,91,208,7,82,30,66,9,3
1955,Graduation,Single,57959.0,0,1,71,430,16,322,43,24,11,3
1969,Graduation,Married,56796.0,0,1,24,656,38,161,62,47,7,7
1971,Master,Single,36230.0,1,0,17,14,2,30,8,2,4,5
1980,2n Cycle,Married,70829.0,1,1,87,141,70,106,72,19,8,3
1976,Graduation,Married,65991.0,0,1,21,507,19,364,25,47,10,7
1972,Graduation,Married,38988.0,1,2,90,164,24,103,12,3,6,8
1966,2n Cycle,Single,89572.0,0,0,44,606,24,974,197,194,9,4
1984,Master,Married,42207.0,1,0,71,116,11,72,3,17,5,6
1952,Graduation,Married,50300.0,0,1,52,143,15,60,24,23,8,2
1982,2n Cycle,Together,66664.0,0,0,78,398,96,447,220,96,6,3
1964,Graduation,Married,60597.0,0,1,2,522,0,257,32,16,8,7
1949,Graduation,Widow,70165.0,0,0,60,161,0,253,199,191,11,1
1958,PhD,Widow,50520.0,0,1,25,112,0,6,2,1,3,6
1963,Graduation,Married,80124.0,0,0,47,483,84,398,205,84,8,1
1975,Graduation,Married,33183.0,1,0,46,7,5,39,17,15,3,7
1969,PhD,Single,66582.0,0,0,83,789,25,420,16,38,9,1
1955,PhD,Together,75261.0,0,0,17,1239,17,413,23,34,5,2
1970,Graduation,Widow,31880.0,1,0,13,4,1,5,2,0,2,8
1951,Graduation,Married,53790.0,0,2,86,335,42,127,28,5,8,6
1971,PhD,Together,49269.0,1,0,92,639,8,166,11,8,12,7
1975,Graduation,Married,61456.0,0,1,47,563,76,384,84,192,13,4
1980,Graduation,Married,37406.0,1,0,18,2,0,8,2,2,2,8
1981,PhD,Together,56937.0,1,0,81,746,8,125,11,8,9,6
1978,Graduation,Married,38415.0,1,1,91,22,1,13,4,0,3,7
1988,Graduation,Single,20518.0,1,0,58,4,1,6,4,1,2,5
1956,Graduation,Married,62503.0,0,1,40,478,0,193,110,75,11,5
1972,PhD,Single,41644.0,1,1,67,20,3,4,2,0,3,3
1977,Master,Married,55842.0,0,1,19,451,0,39,0,4,8,5
1972,PhD,Married,62010.0,0,1,93,371,22,39,6,0,7,5
1977,Graduation,Married,41124.0,1,0,41,281,7,84,15,0,4,8
1973,Master,Married,38961.0,1,0,60,19,7,19,0,1,2,7
1972,Master,Divorced,37760.0,1,0,54,26,3,13,2,10,3,6
1974,Graduation,Single,32233.0,1,0,26,138,15,35,25,11,2,9
1975,Graduation,Married,43057.0,0,1,30,213,2,44,0,2,5,5
1960,Master,Together,83151.0,0,0,93,407,28,100,120,74,4,3
1964,PhD,Divorced,78825.0,0,0,35,483,74,114,169,37,13,3
1976,Master,Together,65104.0,0,1,4,738,0,232,13,20,7,7
1974,Graduation,Married,60093.0,0,1,92,502,12,109,16,6,10,6
1969,Graduation,Married,14045.0,1,0,24,11,0,5,2,1,3,7
1952,2n Cycle,Widow,28457.0,0,0,96,24,1,108,29,29,4,8
1958,PhD,Together,78952.0,0,1,11,1170,19,594,99,76,12,6
1976,Graduation,Divorced,46310.0,1,0,99,185,2,88,15,5,5,8
1955,Graduation,Together,76005.0,0,0,72,983,20,389,240,50,13,6
1964,Master,Single,58308.0,0,1,77,691,0,69,10,0,3,8
1944,PhD,Divorced,55614.0,0,0,85,504,13,131,8,0,6,7
1962,Master,Divorced,59432.0,0,1,88,317,25,265,25,19,11,5
1978,Graduation,Divorced,55563.0,0,1,22,29,1,9,2,0,3,3
1971,PhD,Together,78642.0,0,1,83,1396,0,322,46,35,4,6
1949,PhD,Together,67911.0,0,1,63,529,0,356,63,28,11,3
1944,Graduation,Married,65275.0,0,0,9,388,14,218,91,14,13,2
1950,Graduation,Together,27203.0,1,1,92,13,2,21,4,0,2,8
1961,Master,Together,48330.0,0,1,2,28,0,4,0,0,3,5
1990,Basic,Married,24279.0,0,0,6,16,36,21,20,62,3,8
1985,PhD,Married,64355.0,1,0,66,1047,0,140,67,38,12,8
1956,Master,Together,50943.0,0,1,49,31,0,7,2,0,3,5
1953,Graduation,Widow,53653.0,0,0,29,815,10,239,28,10,12,6
1976,Graduation,Married,65665.0,0,1,77,225,162,387,106,36,8,3
1989,Graduation,Single,81217.0,0,0,77,493,70,324,146,40,11,1
1992,Graduation,Married,34935.0,0,0,71,34,4,66,3,10,4,7
1959,Graduation,Divorced,61250.0,0,1,49,382,138,65,60,26,12,5
1981,PhD,Together,39665.0,1,0,97,127,1,56,0,1,3,7
1979,Graduation,Single,60152.0,0,1,6,325,83,300,86,58,12,3
1964,Graduation,Married,48920.0,0,2,93,238,17,68,8,10,5,7
1959,Master,Together,89120.0,0,0,78,1168,92,408,72,129,7,1
1946,PhD,Together,44124.0,0,1,62,284,0,55,0,6,5,8
1975,Master,Single,81169.0,0,0,47,1288,20,613,80,61,9,2
1961,Graduation,Married,36443.0,1,1,9,65,0,46,4,3,3,8
1990,Graduation,Single,26095.0,1,0,77,11,7,9,3,1,3,7
1959,Graduation,Together,71367.0,0,0,24,227,23,389,42,21,7,2
1944,Master,Married,80184.0,0,0,19,1035,134,670,25,38,10,3
1965,Graduation,Divorced,30630.0,1,1,67,27,1,12,2,0,3,7
1987,Master,Single,73454.0,0,0,95,982,73,351,56,14,6,5
1991,Graduation,Married,42691.0,0,0,48,179,2,64,38,17,6,5
1953,Graduation,Married,70503.0,0,0,73,1379,33,216,0,33,9,6
1987,Graduation,Married,25545.0,1,0,35,32,1,64,16,12,3,6
1986,Graduation,Married,32880.0,1,0,76,8,4,15,7,6,3,8
1958,PhD,Together,77863.0,0,0,20,881,38,319,16,25,10,2
1977,Master,Married,50353.0,0,0,72,141,15,153,67,31,6,3
1964,Graduation,Single,61839.0,0,0,20,1000,155,379,224,17,4,8
1960,PhD,Married,49154.0,1,1,69,206,10,67,30,27,8,6
1975,2n Cycle,Widow,47682.0,0,1,80,162,61,83,97,57,8,5
1969,Graduation,Single,72679.0,0,1,65,619,54,260,127,54,5,1
1977,Master,Together,57954.0,1,1,52,456,4,24,0,0,6,7
1962,Graduation,Married,65316.0,1,1,65,112,6,92,3,9,5,4
1982,Graduation,Single,28567.0,1,0,57,11,3,22,2,2,3,6
1951,Master,Together,47352.0,0,1,70,172,12,112,8,0,5,7
1967,Graduation,Together,44931.0,0,1,0,78,0,11,0,0,3,5
1967,Graduation,Divorced,76982.0,0,0,19,464,151,292,65,60,4,4
1952,2n Cycle,Together,57247.0,0,1,50,99,4,32,37,54,7,2
1981,Master,Single,22944.0,1,0,67,19,3,19,4,5,3,7
1977,2n Cycle,Together,25315.0,1,0,46,1,9,8,11,3,3,8
1969,Graduation,Widow,43638.0,0,1,37,63,10,83,7,19,4,7
1984,PhD,Single,42710.0,1,0,38,252,3,42,4,3,3,6
1982,PhD,Married,84169.0,0,0,9,1478,19,403,0,19,6,3
1976,Graduation,Together,54058.0,0,1,56,198,18,252,32,108,8,3
1990,2n Cycle,Married,24683.0,1,0,98,8,4,10,6,7,4,5
1964,Graduation,Widow,85620.0,0,0,68,416,46,925,60,107,4,1
1980,Graduation,Married,47850.0,1,0,72,42,7,43,20,12,4,6
1968,Graduation,Married,19514.0,1,1,47,14,3,21,2,1,2,8
1973,Master,Married,27159.0,1,1,33,17,0,3,0,0,3,6
1963,2n Cycle,Single,39548.0,1,1,87,15,4,10,3,4,3,3
1989,Graduation,Single,21474.0,1,0,0,6,16,24,11,0,2,7
1971,PhD,Single,60504.0,0,1,73,458,0,24,6,4,8,6
1963,Graduation,Married,22419.0,0,0,74,30,3,47,19,21,2,8
1949,Master,Married,81698.0,0,0,4,179,28,520,111,123,13,1
1952,Graduation,Together,43462.0,1,1,50,90,17,97,15,6,5,8
1978,PhD,Single,54880.0,1,0,57,308,85,137,102,45,11,5
1982,Graduation,Married,79908.0,0,0,30,557,129,761,29,185,7,2
1970,2n Cycle,Married,15315.0,0,0,27,7,4,13,15,8,4,5
1959,Graduation,Together,87771.0,0,1,61,1492,38,287,50,57,4,6
1978,Graduation,Married,33039.0,1,0,4,30,8,12,8,8,4,5
1980,Graduation,Single,81741.0,0,0,75,249,153,940,58,134,7,2
1971,Master,Together,71499.0,0,1,12,465,25,132,136,0,13,4
1970,2n Cycle,Married,62466.0,0,1,13,129,129,259,168,121,12,4
1963,PhD,Divorced,48799.0,0,1,9,174,18,81,28,6,7,3
1950,PhD,Together,52157.0,0,1,48,189,2,29,3,2,5,4
1962,Graduation,Single,66565.0,0,1,80,747,10,161,65,40,9,8
1951,Master,Together,29298.0,1,1,60,6,0,2,2,0,2,5
1979,Graduation,Single,47691.0,0,1,43,14,0,3,0,0,2,6
1970,Graduation,Together,38200.0,1,1,19,12,0,4,0,0,2,7
1974,Graduation,Married,44989.0,0,1,26,98,0,106,49,10,5,6
1968,PhD,Married,38443.0,1,1,58,32,0,5,0,0,3,7
1978,2n Cycle,Single,38593.0,1,0,42,51,12,49,17,24,3,8
1970,PhD,Together,64413.0,0,1,27,200,5,44,0,10,5,5
1981,Master,Married,36959.0,1,0,56,25,6,25,6,0,3,8
1977,PhD,Married,61996.0,0,1,27,1050,12,144,0,0,8,5
1968,Graduation,Married,51287.0,1,1,10,117,0,22,13,0,3,7
1970,Graduation,Married,13260.0,1,1,48,9,4,17,10,2,3,8
1966,PhD,Together,47472.0,1,1,39,56,0,11,0,0,4,5
1956,Master,Together,54603.0,1,1,85,145,13,46,17,2,4,7
1974,PhD,Married,45207.0,1,1,64,203,0,10,0,0,6,6
1951,Graduation,Together,40689.0,0,1,69,270,3,27,39,6,5,8
1967,2n Cycle,Together,47821.0,1,1,54,9,0,16,6,6,3,8
1951,Master,Married,27450.0,0,0,57,37,12,23,8,11,3,7
1983,Graduation,Together,39453.0,1,0,64,46,0,7,0,0,3,6
1971,2n Cycle,Together,26850.0,1,1,10,31,1,13,7,2,4,4
1955,Graduation,Widow,79800.0,0,0,65,1060,21,530,32,0,5,3
1961,Master,Married,61794.0,0,1,74,264,47,188,54,47,10,2
1955,Graduation,Together,53863.0,0,1,4,399,4,30,6,4,7,7
1959,Graduation,Together,24221.0,0,0,94,8,9,9,2,5,3,4
1984,PhD,Single,39684.0,1,0,41,19,0,35,6,4,2,7
1975,Master,Married,92163.0,0,0,25,817,183,797,106,163,5,2
1965,Master,Single,69882.0,0,0,94,292,127,635,132,127,9,1
1977,Graduation,Together,33178.0,1,0,9,12,6,2,11,2,3,4
1972,PhD,Married,59973.0,0,0,47,130,30,168,20,34,7,1
1975,Master,Together,17459.0,1,0,12,6,4,16,3,10,2,7
1969,Graduation,Divorced,23910.0,1,0,80,16,12,18,7,1,3,7
1969,Master,Married,42169.0,1,1,20,19,0,9,0,0,3,8
1978,2n Cycle,Married,26224.0,1,0,39,4,7,15,13,9,3,6
1981,Graduation,Together,31089.0,1,0,57,31,3,31,2,8,4,8
1961,Graduation,Single,30081.0,0,1,27,36,0,2,0,0,3,7
1960,Graduation,Together,62807.0,0,1,83,526,28,135,10,21,12,5
1955,Graduation,Single,72906.0,0,0,79,400,32,519,71,75,9,1
1948,PhD,Married,61467.0,0,2,69,410,16,114,0,5,10,5
1966,Master,Together,49618.0,1,1,77,80,3,26,4,2,3,7
1986,Master,Single,21888.0,1,0,15,88,10,46,2,3,2,10
1973,Graduation,Widow,42429.0,0,1,99,55,0,6,2,0,3,5
1956,Graduation,Divorced,26150.0,2,1,61,5,1,13,3,5,3,7
1975,Basic,Married,30801.0,0,1,23,8,4,5,15,2,3,7
1965,Graduation,Married,81168.0,0,0,84,410,0,592,147,22,7,3
1969,Master,Single,26877.0,0,0,74,101,13,76,20,18,6,6
1944,Master,Widow,45006.0,0,0,90,162,25,53,16,0,7,3
1973,Basic,Married,18978.0,1,0,41,2,8,1,4,7,3,8
1967,Graduation,Married,22574.0,2,1,28,25,0,8,2,0,3,7
1969,PhD,Single,48240.0,0,0,73,389,91,248,64,49,13,5
1974,Graduation,Married,45837.0,1,1,88,215,13,87,17,17,5,7
1965,Master,Single,35791.0,2,1,94,27,0,5,0,0,3,8
1976,PhD,Together,162397.0,1,1,31,85,1,16,2,1,1,1
1978,Graduation,Widow,54162.0,1,1,31,5,6,10,6,5,3,4
1960,Master,Married,30522.0,0,1,6,179,8,83,19,11,9,2
1961,PhD,Married,54456.0,0,1,23,352,0,27,10,0,7,6
1971,Graduation,Single,31632.0,0,0,92,17,8,12,11,15,2,7
1949,Graduation,Widow,72298.0,0,0,52,625,35,169,58,17,6,1
1978,2n Cycle,Single,36975.0,1,0,50,10,6,11,0,4,3,7
1955,2n Cycle,Married,72635.0,0,0,54,390,22,323,104,35,6,3
1976,Graduation,Married,13624.0,1,0,93,10,2,15,2,1,3,6
1975,Graduation,Single,84196.0,0,1,56,215,63,507,231,31,7,3
1960,Graduation,Together,70971.0,0,1,28,1001,17,572,93,125,5,7
1977,PhD,Divorced,34487.0,1,1,94,19,18,33,24,1,3,9
1977,Graduation,Single,28769.0,1,0,76,41,5,129,10,3,4,9
1970,PhD,Married,69084.0,1,0,43,1181,107,199,39,30,13,8
1958,PhD,Together,65488.0,0,0,46,603,45,207,36,18,6,1
1970,2n Cycle,Married,62466.0,0,1,13,129,129,259,168,121,12,4
1960,2n Cycle,Single,32218.0,0,0,27,10,24,15,13,1,3,7
1973,Graduation,Single,83917.0,0,0,12,514,22,732,42,198,7,3
1962,Graduation,Divorced,46102.0,2,1,3,14,0,1,0,0,2,7
1952,Graduation,Single,84574.0,0,0,72,387,20,713,38,54,11,5
1962,Graduation,Married,56181.0,0,1,6,121,103,69,8,44,7,4
1950,Master,Divorced,63120.0,0,1,53,965,69,279,54,41,9,7
1971,Graduation,Married,73691.0,0,1,58,707,21,250,85,43,8,2
1960,Graduation,Together,63381.0,0,1,78,571,50,142,33,50,13,2
1948,PhD,Together,76140.0,0,0,57,586,66,653,17,0,6,2
1959,PhD,Divorced,62859.0,0,1,37,1063,89,102,16,12,6,6
1964,Graduation,Single,45906.0,0,1,20,305,3,27,4,3,4,5
1947,Master,Together,77632.0,0,0,73,1200,105,758,0,42,6,2
1971,PhD,Married,46463.0,1,1,56,163,2,40,8,11,6,6
1970,Graduation,Together,105471.0,0,0,36,1009,181,104,202,21,13,3
1970,Master,Divorced,55282.0,1,0,9,125,6,73,8,4,6,4
1977,Master,Married,78710.0,0,1,42,721,0,152,119,50,12,4
1958,Graduation,Together,66886.0,0,1,28,315,4,62,41,31,7,5
1960,Master,Single,98777.0,0,0,23,1000,19,711,125,115,9,1
1985,Graduation,Together,29103.0,1,0,38,16,0,17,6,3,3,9
1974,Graduation,Married,67445.0,0,1,63,757,80,217,29,80,12,6
1950,PhD,Together,50616.0,0,1,71,30,2,25,0,1,4,2
1955,Graduation,Divorced,49431.0,0,1,9,219,3,100,26,0,5,8
1975,Graduation,Divorced,153924.0,0,0,81,1,1,1,1,1,0,0
1953,Graduation,Together,61278.0,0,1,87,111,3,28,2,6,4,6
1958,2n Cycle,Together,26490.0,0,0,92,45,47,52,21,20,5,6
1947,PhD,Together,73059.0,0,1,36,410,112,420,0,82,13,4
1966,PhD,Single,46734.0,1,2,86,100,1,39,6,1,3,6
1963,Graduation,Together,56253.0,0,1,83,509,0,65,7,11,9,6
1985,Graduation,Married,19986.0,1,0,74,3,6,5,0,2,3,7
1975,Graduation,Widow,58330.0,0,1,87,445,53,213,104,98,13,4
1980,Basic,Married,25965.0,0,0,29,2,2,11,41,7,3,8
1956,Master,Together,14661.0,0,0,88,4,1,11,6,2,3,6
1959,Graduation,Married,18690.0,0,0,77,6,1,7,23,4,2,8
1974,PhD,Together,45068.0,0,1,25,14,0,3,0,0,2,7
1987,Basic,Single,21063.0,1,0,34,1,10,11,19,3,3,6
1968,PhD,Married,29187.0,1,0,43,26,0,6,0,0,3,8
1971,2n Cycle,Married,54690.0,1,1,76,111,16,37,7,9,5,3
1964,PhD,Married,59304.0,0,1,81,418,61,428,80,51,10,5
1962,Master,Single,59247.0,0,2,87,327,9,122,19,14,9,6
1970,Graduation,Widow,66731.0,0,1,33,371,159,194,58,106,6,3
1980,Graduation,Married,77353.0,0,1,38,275,59,107,69,101,8,4
1975,PhD,Single,52614.0,0,1,63,789,0,142,12,9,8,8
1974,Graduation,Married,26751.0,2,0,26,1,1,5,0,3,2,8
1963,PhD,Married,81300.0,0,1,17,1004,12,145,32,12,5,5
1979,Graduation,Single,70337.0,0,0,75,187,81,149,25,43,12,1
1985,2n Cycle,Married,36145.0,1,0,13,56,4,76,17,1,3,9
1980,PhD,Single,65295.0,0,0,19,365,32,117,34,110,13,2
1963,Graduation,Divorced,68118.0,0,1,51,595,23,123,10,23,4,6
1967,Graduation,Divorced,68743.0,0,0,81,1132,134,384,175,134,13,7
1982,2n Cycle,Together,41039.0,0,0,32,34,11,137,179,61,5,8
1955,Graduation,Together,38946.0,0,1,84,116,6,82,6,6,6,5
1967,Graduation,Together,65777.0,0,0,87,565,32,435,28,32,6,1
1976,PhD,Divorced,66476.0,0,1,99,372,18,126,47,48,11,4
1972,PhD,Single,86857.0,0,0,96,899,102,838,133,102,10,2
1982,PhD,Married,160803.0,0,0,21,55,16,1622,17,3,1,0
1989,PhD,Together,77845.0,0,0,40,760,40,480,0,40,12,1
1969,PhD,Together,69476.0,0,0,3,260,86,559,63,9,4,2
1960,PhD,Divorced,50611.0,0,1,98,459,0,24,6,0,7,6
1970,Graduation,Single,61209.0,0,0,73,466,0,224,119,49,4,2
1958,Master,Together,42315.0,0,1,90,67,15,80,17,11,4,3
1952,Basic,Together,13084.0,0,0,29,2,0,7,3,7,3,6
1949,Master,Widow,47570.0,1,1,3,67,1,20,0,2,2,7
1961,Master,Married,61923.0,0,2,94,92,4,18,3,3,4,3
1995,Graduation,Single,34824.0,0,0,65,4,2,11,2,0,2,6
1949,PhD,Single,26518.0,1,1,33,20,1,28,3,3,3,8
1961,Graduation,Single,45938.0,0,0,46,273,11,178,62,83,6,6
1960,Graduation,Together,78468.0,0,0,29,434,22,388,104,22,10,4
1973,Graduation,Divorced,78901.0,0,1,99,321,11,309,33,26,5,4
1978,Graduation,Married,71427.0,2,0,26,212,123,177,15,64,8,4
1978,Graduation,Divorced,71022.0,0,1,30,909,12,278,0,12,11,8
1988,Master,Single,90247.0,0,0,27,1184,32,352,21,16,7,1
1968,Master,Divorced,41335.0,1,0,24,112,19,21,16,14,4,7
1986,Graduation,Married,71952.0,1,0,93,656,80,455,52,107,8,4
1970,PhD,Divorced,35682.0,1,0,34,23,0,8,6,2,3,2
1951,Graduation,Divorced,43185.0,0,1,88,537,6,42,16,6,6,8
1948,PhD,Together,66375.0,0,1,96,712,0,45,0,0,5,7
1971,Master,Married,35178.0,1,0,10,23,1,13,2,2,2,7
1986,Graduation,Married,25252.0,1,0,26,1,3,4,2,2,2,8
1965,Master,Single,55250.0,0,1,49,664,58,83,32,0,10,5
1975,Graduation,Single,33249.0,1,0,11,6,10,21,19,14,3,6
1953,Graduation,Together,58398.0,0,0,44,299,5,201,21,21,8,4
1982,Graduation,Together,50272.0,1,0,75,99,13,66,43,8,5,7
1975,PhD,Married,76618.0,0,0,64,749,40,294,121,160,5,1
1960,2n Cycle,Divorced,87305.0,0,0,19,345,25,501,63,138,8,2
1978,Graduation,Together,25851.0,1,0,45,9,4,18,7,5,3,7
1970,Graduation,Divorced,58710.0,0,1,77,440,81,368,0,122,9,6
1958,Graduation,Single,45160.0,1,1,9,8,2,5,3,0,2,7
1965,Master,Married,74806.0,0,1,1,670,9,249,0,28,5,4
1954,Graduation,Married,59111.0,0,0,90,524,0,134,28,28,8,7
1984,PhD,Married,18988.0,1,0,43,6,0,6,2,1,3,7
1965,Graduation,Married,72190.0,0,0,79,597,166,597,172,166,4,3
1976,Graduation,Married,7500.0,1,0,19,7,0,12,13,7,2,9
1966,Graduation,Married,44794.0,0,1,99,54,0,7,0,0,3,6
1955,Graduation,Married,80395.0,0,0,62,445,25,706,80,76,12,2
1976,Master,Divorced,75012.0,0,0,41,294,142,218,164,58,11,1
1965,Master,Married,56962.0,2,1,60,292,3,77,10,3,5,7
1991,Graduation,Together,89891.0,0,0,17,412,22,132,59,28,8,4
1949,PhD,Divorced,35946.0,1,1,24,8,0,3,0,0,3,5
1953,PhD,Together,53593.0,1,1,60,349,4,78,6,0,6,8
1978,Graduation,Married,66373.0,1,1,57,328,9,124,12,24,10,3
1948,PhD,Divorced,45072.0,1,2,74,144,2,99,7,2,4,8
1973,Graduation,Divorced,89694.0,1,1,22,1126,28,211,37,28,4,5
1949,Graduation,Married,72025.0,0,0,46,967,0,617,43,50,13,2
1973,Graduation,Married,67432.0,0,1,69,432,79,341,177,136,4,4
1952,Master,Together,70545.0,0,1,29,138,39,63,55,18,7,2
1989,Basic,Married,17487.0,1,0,37,0,0,1,7,4,2,7
1969,Graduation,Together,62882.0,0,1,26,509,133,497,78,24,6,4
1953,PhD,Single,64108.0,0,1,8,948,10,86,13,21,11,5
1956,Master,Together,34941.0,1,1,26,39,2,25,4,3,3,8
1950,PhD,Single,48767.0,1,2,79,28,1,21,3,0,3,5
1978,2n Cycle,Together,38702.0,1,0,71,13,11,24,13,8,4,6
1964,Graduation,Married,82224.0,0,0,83,307,26,360,138,31,5,3
1952,Graduation,Together,83844.0,0,0,57,901,31,345,75,31,11,1
1975,2n Cycle,Married,17003.0,1,0,37,2,5,12,4,8,4,5
1995,Graduation,Single,71163.0,0,0,30,283,17,372,138,106,12,1
1970,Graduation,Single,33697.0,1,0,34,4,3,7,0,3,2,7
1954,2n Cycle,Married,63564.0,0,0,0,769,80,252,15,34,7,6
1972,PhD,Together,83443.0,0,0,89,518,42,742,55,56,5,2
1958,PhD,Together,51518.0,0,1,92,350,8,66,17,4,10,3
1975,Graduation,Widow,58330.0,0,1,87,445,53,213,104,98,13,4
1969,Graduation,Married,80952.0,0,0,20,778,178,689,41,27,11,8
1979,Graduation,Together,75507.0,0,0,56,709,93,374,104,80,6,3
1978,2n Cycle,Together,63855.0,0,0,28,359,35,314,93,116,13,4
1972,PhD,Together,62220.0,0,1,55,799,12,375,16,12,5,6
1964,Graduation,Married,58512.0,0,1,25,895,10,101,13,0,8,8
1979,Master,Married,40662.0,1,0,0,40,2,23,0,4,3,4
1959,PhD,Married,38829.0,0,1,86,76,0,7,0,0,2,5
1981,2n Cycle,Married,35523.0,1,0,8,11,5,22,12,5,3,7
1967,Graduation,Single,79146.0,1,1,33,245,16,223,21,43,8,6
1988,Master,Married,78285.0,0,0,13,647,107,391,175,67,10,3
1978,PhD,Single,31626.0,1,0,12,39,1,9,2,1,2,7
1952,Graduation,Single,75127.0,0,0,92,203,35,305,46,17,5,1
1955,Graduation,Married,48726.0,0,1,90,138,3,38,4,0,4,6
1977,Graduation,Married,74985.0,0,0,8,587,51,898,247,0,7,2
1987,Graduation,Together,67430.0,0,0,6,595,97,291,127,133,12,6
1965,2n Cycle,Married,46891.0,0,1,91,43,12,23,29,15,4,4
1956,Master,Married,62058.0,0,1,52,301,7,74,10,0,7,6
1979,Graduation,Married,72063.0,0,1,3,180,32,348,76,32,12,2
1951,PhD,Married,78939.0,0,0,57,794,115,243,150,0,6,3
1965,Graduation,Single,42720.0,1,1,9,392,5,91,28,26,7,8
1972,Graduation,Married,33622.0,1,1,22,39,1,22,3,4,4,7
1957,PhD,Together,6835.0,0,1,76,107,2,12,2,2,1,20
1953,Graduation,Together,41452.0,1,1,86,13,0,3,0,0,2,7
1965,PhD,Single,40760.0,0,1,64,70,0,17,0,0,3,6
1958,PhD,Together,74250.0,0,0,90,680,11,392,75,0,4,1
1955,Master,Single,51124.0,1,1,79,26,1,11,0,1,3,3
1971,Graduation,Single,72258.0,0,1,28,522,0,522,227,120,5,2
1974,PhD,Single,71466.0,0,0,86,412,12,546,78,182,10,1
1976,Graduation,Together,36283.0,1,1,42,6,5,5,8,0,3,4
1970,Graduation,Single,20587.0,1,0,39,2,3,6,4,1,2,7
1972,Graduation,Married,30467.0,1,0,8,1,3,8,2,5,2,7
1972,Graduation,Together,31590.0,1,0,40,6,2,15,6,6,3,8
1986,Basic,Married,20425.0,1,0,5,4,12,5,3,16,3,7
1960,Master,Together,17144.0,1,1,96,18,2,19,0,2,4,7
1968,PhD,Divorced,42564.0,0,1,28,324,48,186,39,18,4,7
1978,Master,Married,43783.0,1,0,22,327,9,125,25,4,8,7
1976,Graduation,Divorced,40780.0,0,1,30,229,27,71,13,3,5,9
1945,Master,Together,62847.0,0,0,45,521,168,706,80,76,4,2
1957,PhD,Married,82017.0,0,0,58,184,23,446,30,23,7,2
1950,Graduation,Single,16813.0,0,0,49,4,8,11,12,2,3,7
1978,Graduation,Married,51267.0,1,1,37,183,2,64,7,2,5,4
1961,Graduation,Single,46524.0,0,1,70,31,19,35,26,14,5,3
1962,Master,Single,45183.0,0,0,33,219,3,60,12,9,7,7
1954,PhD,Married,70421.0,0,1,98,479,28,136,75,14,7,6
1965,2n Cycle,Divorced,60161.0,0,1,17,584,44,212,46,8,8,8
1973,Graduation,Together,73926.0,0,0,54,627,91,597,159,91,12,3
1968,Graduation,Married,19329.0,1,0,39,24,1,16,12,2,3,8
1970,Master,Married,61872.0,0,1,81,330,5,159,36,27,9,4
1956,Graduation,Widow,46984.0,1,1,71,19,1,10,2,1,3,5
1951,Graduation,Married,34838.0,1,1,62,28,23,29,29,14,4,6
1944,PhD,Single,82716.0,0,0,8,606,148,228,15,148,13,2
1958,Graduation,Married,48192.0,0,0,76,1039,43,204,153,58,12,8
1976,Master,Married,49681.0,0,2,66,411,0,26,0,0,7,7
1971,Master,Married,56850.0,0,1,83,34,1,19,2,7,3,2
1957,Graduation,Married,55267.0,0,1,28,161,28,136,32,3,6,3
1972,Graduation,Married,59666.0,1,1,87,623,53,178,23,17,8,8
1972,Graduation,Single,72504.0,0,1,43,604,26,470,123,161,6,2
1981,Graduation,Married,26872.0,0,0,0,3,10,8,3,16,2,6
1972,Graduation,Single,21359.0,1,0,1,12,2,17,6,1,3,8
1975,Graduation,Single,73170.0,0,0,1,184,174,256,50,30,6,2
1955,Master,Married,52750.0,0,1,72,393,0,239,90,69,9,4
1986,PhD,Together,91820.0,0,0,72,410,73,747,76,161,12,1
1970,PhD,Together,65968.0,0,1,12,376,9,83,19,4,7,3
1976,Graduation,Married,30772.0,1,1,89,7,2,4,2,1,2,6
1954,Graduation,Single,22507.0,0,0,67,68,0,226,51,157,4,9
1972,Graduation,Married,65685.0,0,1,54,642,14,49,0,7,9,5
1978,2n Cycle,Married,25804.0,1,0,34,8,7,9,13,6,3,8
1980,PhD,Single,76412.0,0,0,15,840,53,804,23,71,8,3
1972,Graduation,Married,22063.0,1,0,43,7,10,13,3,11,3,7
1961,Graduation,Single,57091.0,0,0,0,464,5,64,7,0,7,5
1963,Graduation,Married,22419.0,0,0,74,30,3,47,19,21,2,8
1959,Graduation,Together,87771.0,0,1,61,1492,38,287,50,57,4,6
1959,2n Cycle,Divorced,78353.0,0,1,51,752,122,476,39,153,11,8
1954,Graduation,Married,93404.0,1,2,97,1279,15,287,20,0,7,5
1962,Graduation,Divorced,37859.0,1,2,75,22,1,8,2,1,3,8
1958,PhD,Widow,80995.0,0,1,83,860,28,409,73,56,4,4
1984,Graduation,Together,16529.0,1,0,23,3,0,5,13,0,3,6
1976,PhD,Divorced,55412.0,1,1,65,10,5,28,11,1,3,5
1992,Graduation,Single,48789.0,0,0,94,351,16,156,7,5,7,6
1967,PhD,Together,56575.0,0,2,42,421,5,90,0,16,7,5
1980,2n Cycle,Together,25130.0,1,0,10,2,5,7,0,18,3,7
1967,Graduation,Married,35441.0,1,1,94,25,1,9,2,1,3,8
1956,Graduation,Married,71391.0,0,1,50,336,123,274,46,123,12,3
1972,Master,Single,49494.0,1,0,46,191,9,97,0,6,5,7
1980,Graduation,Divorced,81702.0,0,0,98,563,50,774,28,31,12,3
1980,2n Cycle,Single,45889.0,0,1,42,31,0,6,0,1,3,6
1977,Graduation,Single,56628.0,0,1,30,479,5,82,7,17,5,5
1950,Graduation,Together,34026.0,1,1,11,18,6,15,12,8,3,5
1974,Graduation,Married,40049.0,0,1,61,91,65,52,10,44,6,5
1988,Graduation,Single,34176.0,1,0,12,5,7,24,19,14,4,6
1981,Graduation,Married,19419.0,1,0,76,2,14,28,16,3,3,9
1960,2n Cycle,Married,82504.0,0,0,2,362,50,431,134,35,7,1
1970,Graduation,Together,81205.0,0,0,43,724,74,929,97,55,7,2
1991,2n Cycle,Single,61618.0,0,0,27,605,91,399,0,45,8,3
1956,Master,Single,55284.0,0,1,60,547,7,140,0,7,8,5
1963,Graduation,Single,49980.0,0,1,79,104,1,54,13,9,5,5
1980,Graduation,Married,15072.0,2,0,96,8,2,15,0,10,3,5
1974,Graduation,Single,49166.0,0,1,17,224,2,25,7,0,3,6
1954,PhD,Married,65324.0,0,1,0,384,0,102,21,32,9,4
1957,2n Cycle,Married,82347.0,0,0,38,556,54,845,202,133,10,3
1966,PhD,Together,30843.0,1,1,43,24,0,2,0,0,2,5
1974,PhD,Married,46374.0,0,1,1,408,0,21,0,0,7,8
1979,Graduation,Single,60474.0,0,1,25,265,199,303,234,9,12,7
1973,Master,Married,38576.0,0,1,2,34,0,7,0,0,3,7
1985,Graduation,Married,55357.0,2,0,66,374,64,116,84,25,11,5
1966,Graduation,Together,37758.0,1,1,49,27,2,10,0,0,3,8
1989,2n Cycle,Married,85710.0,0,0,5,600,20,350,29,30,10,2
1969,Graduation,Together,23228.0,1,0,71,13,2,18,6,1,3,8
1969,Master,Together,44602.0,1,1,35,167,2,89,0,0,4,8
1987,Graduation,Married,7500.0,0,0,94,0,2,3,4,1,3,6
1989,2n Cycle,Together,38683.0,1,0,80,46,35,69,84,41,6,7
1975,2n Cycle,Single,49514.0,1,0,61,88,39,78,58,13,4,7
1973,PhD,Together,57906.0,0,1,29,243,11,119,10,3,8,4
1966,Master,Single,43456.0,0,1,0,275,11,68,25,7,8,5
1986,Master,Single,19485.0,2,0,80,6,0,4,0,0,2,7
1978,Graduation,Together,53172.0,0,1,54,121,62,90,68,20,8,3
1979,Graduation,Together,30545.0,1,0,71,4,12,15,19,7,3,7
1983,PhD,Together,70123.0,0,0,27,1308,0,396,23,0,4,3
1959,Graduation,Single,62450.0,0,1,61,515,47,267,62,66,4,3
1976,Graduation,Together,21675.0,1,0,55,4,0,16,17,4,3,7
1981,2n Cycle,Single,42395.0,1,1,35,48,13,57,24,15,4,7
1978,Master,Together,61346.0,1,0,34,562,58,168,43,16,10,3
1953,Graduation,Together,80812.0,0,0,95,769,22,500,210,143,5,2
1971,Master,Divorced,42835.0,1,1,64,379,4,93,12,9,4,6
1983,Graduation,Married,39922.0,1,0,30,29,12,59,19,1,4,8
1956,Master,Single,86424.0,0,0,12,387,68,569,89,45,12,1
1978,2n Cycle,Together,17117.0,1,0,96,12,23,38,30,18,3,9
1972,Graduation,Single,24762.0,1,0,16,6,10,12,3,15,2,8
1975,Graduation,Married,35797.0,0,1,16,27,1,14,4,1,3,8
1975,Graduation,Divorced,36627.0,2,0,78,9,1,5,0,0,3,5
1981,2n Cycle,Married,51111.0,1,1,83,22,0,19,6,5,3,6
1972,PhD,Single,86857.0,0,0,96,899,102,838,133,102,10,2
1970,PhD,Together,82072.0,0,0,67,889,55,685,168,92,13,1
1953,PhD,Single,46231.0,2,1,87,189,2,55,0,5,4,9
1959,Graduation,Married,42243.0,1,1,34,48,0,2,0,0,3,7
1962,Graduation,Together,51195.0,1,1,46,230,14,156,82,24,5,8
1978,Master,Single,68092.0,0,0,7,852,60,207,78,36,10,5
1973,Graduation,Married,31814.0,1,0,73,35,3,20,4,1,3,9
1965,Master,Widow,51390.0,1,1,54,205,20,47,23,2,5,5
1983,Graduation,Married,76630.0,0,0,93,255,31,446,40,56,11,1
1991,Basic,Single,26868.0,1,0,52,0,0,1,8,3,2,7
1943,PhD,Divorced,48948.0,0,0,53,437,8,206,160,49,5,6
1972,PhD,Single,55260.0,0,1,81,825,8,53,11,0,5,6
1956,Graduation,Together,64090.0,0,1,8,316,58,161,76,51,4,5
1958,Graduation,Divorced,78331.0,0,1,97,756,138,354,160,169,7,4
1974,PhD,Married,37087.0,1,0,50,194,55,134,15,0,8,6
1986,Graduation,Divorced,21846.0,1,0,38,7,17,18,6,10,3,8
1958,Graduation,Married,81320.0,0,0,61,183,33,493,59,103,10,2
1970,Graduation,Divorced,54137.0,0,1,46,171,0,11,0,1,4,6
1967,Graduation,Together,66825.0,0,0,73,243,101,405,29,40,6,2
1973,Graduation,Together,57100.0,0,0,19,181,21,69,39,3,6,3
1969,Graduation,Together,58917.0,1,2,10,151,7,89,0,7,6,5
1977,Graduation,Single,85072.0,0,0,94,494,92,391,194,11,10,0
1961,Graduation,Single,86429.0,0,0,10,464,28,873,29,18,7,2
1971,Graduation,Widow,45684.0,1,0,37,5,1,5,10,0,2,7
1974,Graduation,Together,47889.0,1,0,94,29,0,29,0,5,3,5
1986,PhD,Married,45921.0,0,0,23,102,9,49,24,3,6,4
1966,PhD,Single,78420.0,0,0,75,604,28,674,91,28,8,1
1992,Graduation,Together,75114.0,0,0,40,571,12,523,63,60,5,2
1963,PhD,Widow,52278.0,0,1,24,953,0,71,0,0,10,8
1972,Master,Married,35641.0,1,0,11,63,3,67,8,9,4,7
1994,Graduation,Single,95529.0,0,0,29,770,29,890,250,27,7,3
1954,Graduation,Married,62820.0,0,0,51,398,61,265,138,61,6,1
1960,Master,Together,73113.0,0,0,86,741,19,154,50,9,7,2
1982,PhD,Married,84169.0,0,0,9,1478,19,403,0,19,6,3
1954,2n Cycle,Single,42607.0,0,1,30,156,29,56,30,32,7,3
1954,PhD,Single,74637.0,0,0,73,960,64,464,146,0,9,3
1955,PhD,Together,46015.0,1,1,25,38,0,2,0,0,3,7
1993,Graduation,Single,72354.0,0,0,67,315,26,473,220,12,6,1
1969,Master,Single,39858.0,1,0,67,15,20,25,2,7,4,6
1948,PhD,Married,34469.0,1,1,58,19,6,20,0,5,4,4
1986,Graduation,Together,83033.0,1,0,82,812,99,431,237,149,10,5
1979,Master,Together,24401.0,0,0,98,73,28,217,10,24,6,8
1978,Graduation,Married,77583.0,0,0,93,372,23,384,250,12,9,2
1982,2n Cycle,Single,74116.0,0,0,53,871,111,704,145,55,10,2
1993,Graduation,Single,74293.0,0,0,66,375,152,335,93,91,6,2
1976,PhD,Married,68397.0,0,1,6,760,80,466,17,13,5,3
1974,PhD,Together,79632.0,0,0,42,471,0,510,99,21,9,2
1989,Graduation,Single,46107.0,1,0,78,31,9,27,16,9,4,3
1951,PhD,Single,64950.0,0,1,29,819,0,72,12,0,10,7
1989,Basic,Married,25443.0,1,0,82,1,4,3,8,9,3,8
1952,Graduation,Single,75127.0,0,0,92,203,35,305,46,17,5,1
1971,PhD,Together,32892.0,1,0,78,26,0,15,2,1,3,8
1971,Graduation,Together,71796.0,0,0,54,354,21,311,167,75,4,4
1970,PhD,Married,67536.0,0,1,45,1253,0,447,23,71,11,8
1971,Graduation,Single,55239.0,0,1,59,371,17,238,23,24,11,5
1975,PhD,Divorced,60554.0,1,0,8,588,7,76,110,15,9,6
1952,2n Cycle,Single,64831.0,1,1,51,480,86,249,75,86,5,6
1962,PhD,Together,56067.0,0,1,51,517,12,54,16,6,7,5
1983,Graduation,Divorced,82025.0,0,0,76,267,98,606,48,70,6,1
1953,Graduation,Together,94384.0,0,0,62,1111,24,790,160,45,5,2
1986,Basic,Single,14906.0,0,0,86,7,7,14,7,16,3,7
1987,PhD,Married,51563.0,0,0,60,1166,0,48,0,0,10,8
1982,2n Cycle,Married,57937.0,0,1,56,261,42,144,55,48,9,3
1979,Graduation,Divorced,68274.0,1,1,83,135,25,51,23,25,5,3
1977,Graduation,Together,39771.0,1,0,92,6,2,18,2,8,3,4
1975,2n Cycle,Divorced,67893.0,0,1,31,711,28,142,49,18,9,8
1979,PhD,Together,27922.0,1,0,80,11,0,13,2,4,3,4
1976,PhD,Together,52190.0,1,1,39,42,0,17,0,0,3,5
1973,Master,Divorced,44051.0,1,1,20,79,7,58,6,3,4,6
1971,PhD,Single,42767.0,2,0,53,20,6,43,19,5,2,8
1976,Master,Together,46106.0,1,1,84,30,0,8,2,0,2,6
1976,PhD,Married,16927.0,1,1,50,20,2,23,3,1,4,8
1965,Graduation,Married,59754.0,0,1,96,115,27,44,4,146,6,5
1952,Graduation,Single,53700.0,0,1,94,263,5,233,69,41,8,5
1973,Graduation,Married,59041.0,1,1,25,69,2,15,2,2,4,5
1957,PhD,Divorced,54237.0,0,1,48,267,3,30,4,0,5,6
1967,Graduation,Divorced,70647.0,0,1,65,561,85,171,25,123,13,2
1962,PhD,Single,52597.0,0,1,69,492,0,37,7,0,8,5
1969,Master,Together,41021.0,1,0,12,14,7,9,6,16,3,6
1975,PhD,Married,40233.0,0,1,84,80,4,46,0,17,5,6
1980,Graduation,Married,50183.0,1,1,47,97,12,84,13,10,6,5
1959,Graduation,Together,54753.0,0,1,87,197,107,227,7,59,11,4
1973,Graduation,Married,92955.0,0,0,35,693,21,925,31,24,9,2
1973,Graduation,Married,33471.0,1,0,47,43,2,27,0,9,4,7
1974,PhD,Married,34596.0,1,0,48,14,0,2,0,0,2,8
1980,Graduation,Together,44010.0,1,0,46,186,36,234,86,72,6,9
1988,Graduation,Married,84219.0,0,0,27,434,137,400,45,137,10,1
1968,PhD,Together,40706.0,2,1,37,59,0,11,4,2,4,7
1988,2n Cycle,Married,15716.0,1,0,8,16,5,30,8,7,4,8
1959,2n Cycle,Divorced,59052.0,0,1,29,230,35,75,63,57,7,5
1971,Master,Together,80573.0,0,0,85,829,138,430,60,92,13,2
1962,Graduation,Married,83715.0,0,0,2,318,8,407,150,35,13,0
1959,Master,Together,82576.0,0,0,66,1206,55,445,168,18,12,1
1965,Master,Married,56962.0,2,1,60,292,3,77,10,3,5,7
1952,Graduation,Married,35704.0,1,1,54,30,9,12,2,11,4,4
1954,Graduation,Together,53103.0,0,1,70,729,17,133,11,0,7,7
1960,2n Cycle,Widow,46779.0,1,1,55,12,1,3,0,0,2,4
1965,Graduation,Divorced,4861.0,0,0,20,2,1,1,1,0,0,14
1979,Master,Divorced,33462.0,1,0,78,22,3,18,0,0,3,7
1978,Graduation,Divorced,63693.0,0,1,63,587,43,337,42,87,9,6
1950,Graduation,Married,80763.0,0,0,17,674,168,108,192,42,6,3
1974,PhD,Married,65352.0,0,1,43,284,3,84,4,7,8,4
1978,PhD,Married,82170.0,0,0,13,1023,93,651,49,55,7,2
1969,Graduation,Married,75759.0,0,0,46,1394,22,708,89,91,9,5
1976,2n Cycle,Single,79689.0,0,0,65,311,26,640,180,37,13,2
1956,PhD,Widow,35340.0,1,1,1,27,0,12,0,1,3,5
1954,Graduation,Divorced,85683.0,0,0,6,1296,17,311,45,69,10,1
1972,2n Cycle,Married,24884.0,1,0,32,3,6,7,0,0,3,7
1981,Master,Together,42021.0,1,0,34,393,5,136,7,5,6,9
1989,Graduation,Single,64449.0,1,0,70,218,63,282,137,35,12,4
1954,Graduation,Divorced,64587.0,1,1,49,66,0,16,0,6,4,3
1995,Graduation,Single,34824.0,0,0,65,4,2,11,2,0,2,6
1978,Graduation,Together,75437.0,0,0,25,795,0,545,95,58,10,6
1957,Graduation,Together,26091.0,1,1,84,15,10,19,8,17,3,5
1973,Graduation,Married,52845.0,1,0,7,384,25,292,130,41,6,6
1956,Graduation,Divorced,46086.0,0,1,34,244,8,32,7,2,8,4
1956,PhD,Widow,78028.0,0,1,38,158,19,288,25,0,9,7
